Chromosome	Position	Ref	Alt	Tags	DNA	RNA	Value	P-Value	Element
PRB	9	T	G		627	604.3333333333	-1.6182232429		T7
PRB	9	T	C		436.1666666667	377.5	-1.8174815915		T7
PRB	9	T	A		616.1666666667	1412.6666666667	-0.5204691972		T7
PRB	8	A	T		898.3333333333	1760	-0.2838746835		T7
PRB	8	A	G		494.5	362	-1.7236471453		T7
PRB	8	A	C		583.6666666667	297.5	-2.4978831395		T7
PRB	7	A	T		507.1666666667	820.6666666667	-0.7644783612		T7
PRB	7	A	G		814.5	689.1666666667	-1.8404199206		T7
PRB	7	A	C		557.6666666667	390.5	-1.9408657691		T7
PRB	6	T	G		585.1666666667	886	-1.0258889612		T7
PRB	6	T	C		955.3333333333	2431.6666666667	-0.1731492482		T7
PRB	6	T	A		993.3333333333	1708.6666666667	-0.7560054067		T7
PRB	5	T	G		572.3333333333	1326.1666666667	-0.2440819341		T7
PRB	5	T	C		557.6666666667	1878.1666666667	0.09058354		T7
PRB	5	T	A		752.6666666667	2031.5	-0.2465679761		T7
PRB	4	A	T		704.1666666667	2197.5	0.2246836916		T7
PRB	4	A	G		897.6666666667	1528.5	-0.6303342399		T7
PRB	4	A	C		951.8333333333	2973.3333333333	0.0267683117		T7
PRB	3	A	T		386	930.8333333333	-0.2374657281		T7
PRB	3	A	G		769.5	1688.5	-0.3362148446		T7
PRB	3	A	C		529.3333333333	1555.3333333333	0.1275832288		T7
PRB	34	A	T		695.8333333333	1917.5	-0.3347775376		T7
PRB	34	A	G		650.6666666667	1861	0.0598551471		T7
PRB	34	A	C		485.3333333333	1018.3333333333	-0.4693624623		T7
PRB	33	A	T		409.6666666667	1177.6666666667	-0.0635031846		T7
PRB	33	A	G		580	1553.3333333333	-0.0978147962		T7
PRB	33	A	C		435.5	1349.3333333333	-0.0543413717		T7
PRB	32	C	T		593.1666666667	1938.8333333333	0.1109367648		T7
PRB	32	C	G		183.6666666667	545.8333333333	0.0603476344		T7
PRB	32	C	A		553.1666666667	1434	0.0062082441		T7
PRB	31	A	T		803.1666666667	2034	-0.0520067266		T7
PRB	31	A	G		369.1666666667	1463.1666666667	0.2369030171		T7
PRB	31	A	C		667.1666666667	1473.6666666667	-0.5132522552		T7
PRB	30	C	T		439.1666666667	1079.5	-0.4256468826		T7
PRB	30	C	G		410	1133.3333333333	0.0662703457		T7
PRB	30	C	A		263.6666666667	748.5	-0.0574793049		T7
PRB	2	A	T		435	841.5	-0.2514705065		T7
PRB	2	A	G		346.8333333333	977.5	-0.0378415758		T7
PRB	2	A	C		907.1666666667	2615	-0.1551628755		T7
PRB	29	C	T		573.1666666667	1540.1666666667	-0.3067147495		T7
PRB	29	C	G		437.1666666667	1237.1666666667	-0.1197347087		T7
PRB	29	C	A		310.1666666667	921.1666666667	0.0651928626		T7
PRB	28	A	T		394.5	1382.3333333333	0.2456222303		T7
PRB	28	A	G		506.6666666667	1245.5	-0.0737734715		T7
PRB	28	A	C		394.3333333333	1010.8333333333	-0.3311090528		T7
PRB	27	G	T		708.1666666667	1900.1666666667	-0.1906414545		T7
PRB	27	G	C		603.6666666667	1492.3333333333	-0.4659967939		T7
PRB	27	G	A		823.8333333333	2542	0.1913456234		T7
PRB	26	A	T		415.1666666667	819	-0.6645931614		T7
PRB	26	A	G		527.1666666667	1232.8333333333	-0.3124143521		T7
PRB	26	A	C		382.3333333333	784.6666666667	-0.3691062009		T7
PRB	25	G	T		651.1666666667	2652.8333333333	0.3467110238		T7
PRB	25	G	C		307.6666666667	724.3333333333	-0.1596469803		T7
PRB	25	G	A		602.5	1821.1666666667	0.3451430932		T7
PRB	24	G	T		593.5	1486.3333333333	-0.2403479357		T7
PRB	24	G	C		493.5	1266	-0.198018532		T7
PRB	24	G	A		793.6666666667	2592.6666666667	0.2683231291		T7
PRB	23	G	T		477.6666666667	974.1666666667	-0.4567187337		T7
PRB	23	G	C		1075.5	1518.5	-1.0692097896		T7
PRB	23	G	A		537.8333333333	1065.6666666667	-0.6213660654		T7
PRB	22	A	T		718.6666666667	1939.8333333333	-0.1836053433		T7
PRB	22	A	G		181.6666666667	402.5	-0.5682709856		T7
PRB	22	A	C		659.8333333333	1576	-0.3714077738		T7
PRB	21	T	G		530.5	1011.5	-0.5891215637		T7
PRB	21	T	C		508	1246.8333333333	-0.2863176889		T7
PRB	21	T	A		430.6666666667	719	-0.7706311961		T7
PRB	20	A	T		571.5	1183.5	-0.5427160565		T7
PRB	20	A	G		669.3333333333	1004.8333333333	-0.9339439171		T7
PRB	20	A	C		407	882	-0.129045479		T7
PRB	1	G	T		382.8333333333	1080.8333333333	0.0540588759		T7
PRB	1	G	C		531.8333333333	1931.1666666667	0.0675570874		T7
PRB	1	G	A		320.6666666667	859.8333333333	0.0186938182		T7
PRB	19	T	G		519.3333333333	1133	-0.3961300096		T7
PRB	19	T	C		678.3333333333	905.1666666667	-1.0172783863		T7
PRB	19	T	A		561.6666666667	793.8333333333	-1.0562679211		T7
PRB	18	C	T		392.5	223.8333333333	-2.3447020883		T7
PRB	18	C	G		661.1666666667	1340.5	-0.7067718957		T7
PRB	18	C	A		507.5	409.6666666667	-1.8468731199		T7
PRB	17	A	T		665.8333333333	410.5	-2.208734321		T7
PRB	17	A	G		555.5	876.1666666667	-0.8549952164		T7
PRB	17	A	C		301.5	124.6666666667	-2.8894251707		T7
PRB	16	C	T		273.3333333333	61.6666666667	-3.5388770571		T7
PRB	16	C	G		676.1666666667	171.6666666667	-3.4312130651		T7
PRB	16	C	A		412	111.3333333333	-3.5088219886		T7
PRB	15	T	G		760.1666666667	187.3333333333	-3.4798406094		T7
PRB	15	T	C		441.6666666667	137.3333333333	-3.0020690036		T7
PRB	15	T	A		465.5	179.6666666667	-2.9483578097		T7
PRB	14	C	T		682.8333333333	244	-2.8187033286		T7
PRB	14	C	G		293.8333333333	141.3333333333	-2.5135045701		T7
PRB	14	C	A		608.1666666667	290	-2.6330321304		T7
PRB	13	A	T		451.5	669.5	-0.9443891696		T7
PRB	13	A	G		866.8333333333	929	-1.4989687016		T7
PRB	13	A	C		403.6666666667	359	-1.6238020589		T7
PRB	12	G	T		649.8333333333	582.5	-1.6341152984		T7
PRB	12	G	C		467.3333333333	402.1666666667	-1.6780065128		T7
PRB	12	G	A		547.5	1371	-0.2611948509		T7
PRB	11	C	T		832.1666666667	1312	-0.6973131305		T7
PRB	11	C	G		665	854.8333333333	-0.7530490856		T7
PRB	11	C	A		646.5	1791	-0.3293099606		T7
PRB	10	A	T		556.1666666667	1513.6666666667	-0.0789853247		T7
PRB	10	A	G		462.5	1068.8333333333	-0.2380587526		T7
PRB	10	A	C		470.1666666667	870.6666666667	-0.7608666641		T7
PRB	0	C	T		162.3333333333	519.6666666667	0.3294427256		T7
PRB	0	C	G		460.3333333333	1528	-0.2007603497		T7
PRB	0	C	A		360	1077.8333333333	0.054693685		T7
PRB	9	T	G		1300.5	1115.3333333333	-1.0255752538		T3
PRB	9	T	C		867.3333333333	772.1666666667	-1.1324120317		T3
PRB	9	T	A		544.6666666667	720.6666666667	-0.290437985		T3
PRB	8	T	G		1461.3333333333	802.6666666667	-1.3917854967		T3
PRB	8	T	C		915.6666666667	1039.1666666667	-0.7660796095		T3
PRB	8	T	A		1441.5	3016.8333333333	0.1617089491		T3
PRB	7	A	T		837	1611.6666666667	0.0746567946		T3
PRB	7	A	G		515.8333333333	805.6666666667	-0.0566618215		T3
PRB	7	A	C		766.5	899.6666666667	-0.5739065265		T3
PRB	6	A	T		577.5	1089	0.0974265476		T3
PRB	6	A	G		645	1746.1666666667	0.3298982761		T3
PRB	6	A	C		536.3333333333	625.3333333333	-0.5007475937		T3
PRB	5	G	T		871.1666666667	1575.3333333333	0.2007760361		T3
PRB	5	G	C		586.6666666667	966.1666666667	-0.1445930421		T3
PRB	5	G	A		1143.5	1897.8333333333	0.2025828579		T3
PRB	4	T	G		965.5	1314.8333333333	-0.3537818786		T3
PRB	4	T	C		643.6666666667	857.6666666667	-0.3765435191		T3
PRB	4	T	A		1130.5	1839	-0.1234520466		T3
PRB	3	G	T		410.1666666667	725.3333333333	-0.0759777421		T3
PRB	3	G	C		609.8333333333	1085.8333333333	0.0221977427		T3
PRB	3	G	A		1025.5	1445.8333333333	-0.2696924443		T3
PRB	34	A	T		807.1666666667	1377.8333333333	0.0284977128		T3
PRB	34	A	G		1043.5	1873.8333333333	-0.0124760681		T3
PRB	34	A	C		439.8333333333	793	-0.0569678888		T3
PRB	33	A	T		751.5	1961.1666666667	0.3481616903		T3
PRB	33	A	G		360.6666666667	715.8333333333	0.1167770962		T3
PRB	33	A	C		412.5	544.1666666667	-0.2996347079		T3
PRB	32	T	G		1022.3333333333	2602.6666666667	0.7461593558		T3
PRB	32	T	C		875.6666666667	1320.5	-0.011493525		T3
PRB	32	T	A		1166	2010.6666666667	-0.2336836223		T3
PRB	31	C	T		1012.3333333333	1818.1666666667	-0.0297120738		T3
PRB	31	C	G		554.1666666667	1216	0.1870099334		T3
PRB	31	C	A		913.1666666667	2227.6666666667	0.246547739		T3
PRB	30	A	T		1420.6666666667	2172.1666666667	0.0299857248		T3
PRB	30	A	G		815.5	1269.6666666667	-0.2617162168		T3
PRB	30	A	C		919.1666666667	836.6666666667	-0.6032546934		T3
PRB	2	G	T		1169.5	2483	0.2994424325		T3
PRB	2	G	C		1451.5	2484.6666666667	-0.1316187988		T3
PRB	2	G	A		853.8333333333	1272.3333333333	-0.0010673464		T3
PRB	29	C	T		1001.3333333333	1818.3333333333	0.4036320535		T3
PRB	29	C	G		797.5	1172.3333333333	-0.2212563301		T3
PRB	29	C	A		1550.8333333333	3504.6666666667	0.2911462604		T3
PRB	28	A	T		682.1666666667	866	-0.1519089306		T3
PRB	28	A	G		631.6666666667	727.1666666667	-0.585883397		T3
PRB	28	A	C		884.3333333333	1257.8333333333	-0.4781301208		T3
PRB	27	G	T		1139.3333333333	1796.6666666667	0.1676624693		T3
PRB	27	G	C		669	1730.1666666667	0.2473961539		T3
PRB	27	G	A		989.8333333333	2235	0.6048768257		T3
PRB	26	A	T		1230	1286.3333333333	-0.5844109505		T3
PRB	26	A	G		848.3333333333	617.3333333333	-0.9919628396		T3
PRB	26	A	C		420	496.8333333333	-0.2403902223		T3
PRB	25	G	T		802.3333333333	1464.3333333333	0.0521637394		T3
PRB	25	G	C		623.8333333333	864.1666666667	-0.0982972647		T3
PRB	25	G	A		1009.1666666667	1854.5	0.1578227631		T3
PRB	24	G	T		841.8333333333	1045.6666666667	-0.6060828203		T3
PRB	24	G	C		828.1666666667	955	-0.3717858922		T3
PRB	24	G	A		1161	1355.3333333333	-0.3990506776		T3
PRB	23	G	T		311.6666666667	119.1666666667	-2.2716998735		T3
PRB	23	G	C		978.8333333333	590.6666666667	-1.3722561075		T3
PRB	23	G	A		482.3333333333	420.8333333333	-1.1538247497		T3
PRB	22	A	T		347.5	486.6666666667	-0.2742713407		T3
PRB	22	A	G		535.8333333333	344.1666666667	-1.626846672		T3
PRB	22	A	C		861.5	1787.5	-0.111820522		T3
PRB	21	A	T		811	1596	-0.3142753712		T3
PRB	21	A	G		739	1076.1666666667	-0.2646800461		T3
PRB	21	A	C		737.8333333333	411.6666666667	-1.6556253643		T3
PRB	20	A	T		991.8333333333	1104.3333333333	-0.6715368712		T3
PRB	20	A	G		1007.8333333333	895.6666666667	-0.8956573901		T3
PRB	20	A	C		465.1666666667	472.6666666667	-0.6862454158		T3
PRB	1	C	T		718	1183.5	-0.478755032		T3
PRB	1	C	G		471.8333333333	840.1666666667	-0.1185338996		T3
PRB	1	C	A		363.3333333333	511.3333333333	-0.3408713444		T3
PRB	19	T	G		825.6666666667	775.1666666667	-1.0967574374		T3
PRB	19	T	C		548.3333333333	390.6666666667	-1.1615466359		T3
PRB	19	T	A		670.6666666667	353.1666666667	-1.6416730515		T3
PRB	18	C	T		522	256.8333333333	-1.6389651682		T3
PRB	18	C	G		923.8333333333	1184.8333333333	-0.2708104052		T3
PRB	18	C	A		569.3333333333	288.8333333333	-1.9590600418		T3
PRB	17	A	T		692.8333333333	379	-1.6731505131		T3
PRB	17	A	G		938.3333333333	1194.1666666667	-0.2841605969		T3
PRB	17	A	C		1031.6666666667	236	-3.0203924751		T3
PRB	16	C	T		597	188.3333333333	-2.3576003172		T3
PRB	16	C	G		470.5	94.1666666667	-3.180727584		T3
PRB	16	C	A		815.6666666667	163.8333333333	-2.8553573538		T3
PRB	15	T	G		976.1666666667	262.8333333333	-2.4664390948		T3
PRB	15	T	C		778.3333333333	283.6666666667	-2.143561278		T3
PRB	15	T	A		1317	335.5	-2.5702870138		T3
PRB	14	C	T		1093	466.1666666667	-1.7499784689		T3
PRB	14	C	G		1523	702.1666666667	-2.2571915969		T3
PRB	14	C	A		532	146.5	-2.7846769941		T3
PRB	13	C	T		756.1666666667	595.8333333333	-0.9572049368		T3
PRB	13	C	G		2143.5	1459.8333333333	-1.3800362365		T3
PRB	13	C	A		1567.6666666667	1802	-0.3435112545		T3
PRB	12	C	T		778.3333333333	875.1666666667	-0.6097125909		T3
PRB	12	C	G		1055.3333333333	697.3333333333	-1.2988051918		T3
PRB	12	C	A		518.3333333333	412.1666666667	-0.6864303943		T3
PRB	11	A	T		842	1785	0.3140118754		T3
PRB	11	A	G		987.8333333333	1885.3333333333	-0.0119108574		T3
PRB	11	A	C		953	1677.8333333333	0.2336583591		T3
PRB	10	A	T		489	933.6666666667	0.1790189323		T3
PRB	10	A	G		857.8333333333	1361.6666666667	0.2203340123		T3
PRB	10	A	C		698.5	1034.5	-0.5721638366		T3
PRB	0	G	T		654.8333333333	1033.6666666667	-0.2990095625		T3
PRB	0	G	C		419.5	600.5	0.0193403547		T3
PRB	0	G	A		737.3333333333	1255	0.1020095559		T3
PRB	9	T	G		585.5	171.3333333333	-2.5817663352		SP6
PRB	9	T	C		785	200.3333333333	-2.7748736079		SP6
PRB	9	T	A		902	395.5	-2.3276776203		SP6
PRB	8	T	G		777	237.3333333333	-2.6433002875		SP6
PRB	8	T	C		1289.5	433	-2.6593318221		SP6
PRB	8	T	A		1007.8333333333	1635	-0.5786250449		SP6
PRB	7	T	G		713.1666666667	862.1666666667	-0.720658974		SP6
PRB	7	T	C		559	482.5	-1.3577628284		SP6
PRB	7	T	A		738.5	858	-0.8192424538		SP6
PRB	6	A	T		683	835.3333333333	-0.6790318383		SP6
PRB	6	A	G		953.6666666667	641.5	-1.5317530734		SP6
PRB	6	A	C		1096.3333333333	965	-1.1984763786		SP6
PRB	5	T	G		887.3333333333	1720.6666666667	0.1749123419		SP6
PRB	5	T	C		675	1035.5	-0.3770676594		SP6
PRB	5	T	A		1126.1666666667	1139.1666666667	-0.8734037028		SP6
PRB	4	C	T		619.5	1162	-0.2293151036		SP6
PRB	4	C	G		966.3333333333	2393.1666666667	0.2373294527		SP6
PRB	4	C	A		508.8333333333	875.5	-0.1700192689		SP6
PRB	3	C	T		855.3333333333	1313.5	-0.3717859788		SP6
PRB	3	C	G		783.1666666667	1486.6666666667	0.049770933		SP6
PRB	3	C	A		985.8333333333	1466.6666666667	-0.3643390863		SP6
PRB	34	G	T		814.1666666667	1454.6666666667	-0.0270778613		SP6
PRB	34	G	C		1042.8333333333	1365	-0.6132423993		SP6
PRB	34	G	A		972.3333333333	3103.3333333333	0.4336608094		SP6
PRB	33	A	T		688	1392.3333333333	0.0917419733		SP6
PRB	33	A	G		1066.1666666667	2757.6666666667	0.390032675		SP6
PRB	33	A	C		730.5	839	-0.7224132793		SP6
PRB	32	T	G		870.5	1195.8333333333	-0.4130185712		SP6
PRB	32	T	C		1171.1666666667	2557.5	-0.1323549684		SP6
PRB	32	T	A		1002.3333333333	2274	0.2174650209		SP6
PRB	31	G	T		779.1666666667	2093.6666666667	0.6706293234		SP6
PRB	31	G	C		1121.5	2256.8333333333	0.0927497907		SP6
PRB	31	G	A		1346.1666666667	1919.3333333333	-0.5998246529		SP6
PRB	30	G	T		741.6666666667	1631	0.2735929728		SP6
PRB	30	G	C		836	2362.6666666667	0.5322132793		SP6
PRB	30	G	A		834.3333333333	1992.8333333333	0.4342228089		SP6
PRB	2	G	T		565.6666666667	1337.8333333333	0.1790133664		SP6
PRB	2	G	C		670.5	1619.1666666667	0.1991306368		SP6
PRB	2	G	A		792	1155.3333333333	-0.4543481506		SP6
PRB	29	A	T		1109.6666666667	1896.5	-0.1258750424		SP6
PRB	29	A	G		882	949	-0.8251859434		SP6
PRB	29	A	C		794	915.1666666667	-0.8850752323		SP6
PRB	28	G	T		733.6666666667	951.8333333333	-0.4744059647		SP6
PRB	28	G	C		837.8333333333	2266.8333333333	0.0894596138		SP6
PRB	28	G	A		850.5	1406	-0.3050783757		SP6
PRB	27	G	T		983	1288	-0.4823352071		SP6
PRB	27	G	C		794.5	1538.5	-0.2839266264		SP6
PRB	27	G	A		480.3333333333	835.3333333333	-0.3631739547		SP6
PRB	26	G	T		493	500.3333333333	-0.8953567527		SP6
PRB	26	G	C		886.8333333333	1399	-0.3415568806		SP6
PRB	26	G	A		968.6666666667	1511	0.1229670799		SP6
PRB	25	A	T		853	1577.6666666667	-0.2986202472		SP6
PRB	25	A	G		831.3333333333	1222	-0.2951088082		SP6
PRB	25	A	C		1099.3333333333	1210.3333333333	-0.8323428741		SP6
PRB	24	A	T		1221.1666666667	1540	-0.7507988728		SP6
PRB	24	A	G		773.6666666667	1351.8333333333	-0.021242219		SP6
PRB	24	A	C		639.3333333333	610	-1.0080217523		SP6
PRB	23	G	T		903.5	86.5	-4.3059888824		SP6
PRB	23	G	C		838.8333333333	124.8333333333	-3.8613964256		SP6
PRB	23	G	A		793.5	147	-3.7660481341		SP6
PRB	22	A	T		885.6666666667	1665	0.0315198489		SP6
PRB	22	A	G		997.5	1599.5	-0.2128224896		SP6
PRB	22	A	C		749.1666666667	590.8333333333	-1.273226918		SP6
PRB	21	T	G		815.1666666667	1444.3333333333	-0.4257055432		SP6
PRB	21	T	C		639.1666666667	494.8333333333	-1.103783973		SP6
PRB	21	T	A		451	741.1666666667	-0.3897558927		SP6
PRB	20	A	T		717.6666666667	472.1666666667	-1.5231400922		SP6
PRB	20	A	G		693.8333333333	308.5	-1.8155586679		SP6
PRB	20	A	C		681.8333333333	1185	-0.2994989068		SP6
PRB	1	T	G		1505.3333333333	3737	0.4456029144		SP6
PRB	1	T	C		629.8333333333	1690.5	0.4620041695		SP6
PRB	1	T	A		1037.1666666667	1714.1666666667	-0.1960621047		SP6
PRB	19	T	G		795.6666666667	589.1666666667	-1.2966927103		SP6
PRB	19	T	C		911.6666666667	642	-1.4517213016		SP6
PRB	19	T	A		1036.6666666667	473.8333333333	-2.1564139922		SP6
PRB	18	C	T		609.1666666667	277.6666666667	-2.2284016128		SP6
PRB	18	C	G		1420.3333333333	1140.8333333333	-1.2463065567		SP6
PRB	18	C	A		1014	323.8333333333	-2.5031804262		SP6
PRB	17	A	T		457.1666666667	143	-2.3903253099		SP6
PRB	17	A	G		583.8333333333	241.5	-2.2347396187		SP6
PRB	17	A	C		949.1666666667	476.3333333333	-2.0040835037		SP6
PRB	16	C	T		768.5	183	-3.0814834438		SP6
PRB	16	C	G		627.6666666667	117.5	-3.4475470827		SP6
PRB	16	C	A		1300.3333333333	144.8333333333	-3.7831798731		SP6
PRB	15	A	T		922.5	228.6666666667	-2.9083355031		SP6
PRB	15	A	G		715.1666666667	184.5	-2.7982771713		SP6
PRB	15	A	C		1166.3333333333	953.1666666667	-1.148831758		SP6
PRB	14	G	T		1075.8333333333	944	-1.1174790281		SP6
PRB	14	G	C		1112.6666666667	596.8333333333	-1.9236961279		SP6
PRB	14	G	A		1065.5	459	-2.4436900486		SP6
PRB	13	T	G		936.3333333333	2682.5	0.2736958696		SP6
PRB	13	T	C		577.6666666667	836.6666666667	-0.2982138052		SP6
PRB	13	T	A		625.6666666667	3117.5	1.1354785879		SP6
PRB	12	G	T		1076.8333333333	810.5	-1.2573311336		SP6
PRB	12	G	C		1331.6666666667	497.6666666667	-2.7714442736		SP6
PRB	12	G	A		739.1666666667	515.8333333333	-1.6559064282		SP6
PRB	11	G	T		1203.8333333333	1303.3333333333	-0.9661281798		SP6
PRB	11	G	C		483.5	520.6666666667	-0.9484767618		SP6
PRB	11	G	A		1409	1385.1666666667	-0.9511596186		SP6
PRB	10	A	T		810.5	376	-2.1350666086		SP6
PRB	10	A	G		551	656.8333333333	-0.8518367611		SP6
PRB	10	A	C		1226.3333333333	664.6666666667	-2.0284893481		SP6
PRB	0	T	G		1214.5	2490.5	0.0904408508		SP6
PRB	0	T	C		1645.6666666667	3307	-0.1276652278		SP6
PRB	0	T	A		1290.1666666667	2681.3333333333	-0.1520307625		SP6
